{"cameraMode":{"drawMode":0,"name":"Shaded","section":"Shading Mode"},"sceneLighting":true,"audioPlay":false,"sceneViewState":{"m_AlwaysRefresh":false,"showFog":true,"showSkybox":true,"showFlares":true,"showImageEffects":true,"showParticleSystems":true,"showVisualEffectGraphs":true,"m_FxEnabled":true},"in2DMode":false,"pivot":{"x":-6.089345932006836,"y":13.679159164428711,"z":-1289.7672119140625},"rotation":{"x":-0.000026981360861100256,"y":0.9999791979789734,"z":-0.004809611011296511,"w":-0.005698143970221281},"size":910.137451171875,"orthographic":false}