{"cameraMode":{"drawMode":0,"name":"Shaded","section":"Shading Mode"},"sceneLighting":true,"audioPlay":false,"sceneViewState":{"m_AlwaysRefresh":false,"showFog":true,"showSkybox":true,"showFlares":true,"showImageEffects":true,"showParticleSystems":true,"showVisualEffectGraphs":true,"m_FxEnabled":true},"in2DMode":false,"pivot":{"x":107.19778442382813,"y":127.07957458496094,"z":-1285.35302734375},"rotation":{"x":-0.0006116314325481653,"y":0.9993951320648193,"z":0.025180423632264139,"w":0.024291953071951867},"size":945.3275146484375,"orthographic":false}